{
    "metrics": {
        "http_req_waiting": {
            "max": 60113.6307,
            "p(90)": 26136.68675,
            "p(95)": 41735.95483499999,
            "avg": 9006.482557455782,
            "min": 122.1598,
            "med": 2612.4303
        },
        "http_req_failed": {
            "passes": 100,
            "fails": 7934,
            "thresholds": {
                "rate<0.02": false
            },
            "value": 0.012447099825740602
        },
        "http_reqs": {
            "count": 8034,
            "rate": 24.34438857844957
        },
        "http_req_blocked": {
            "med": 0,
            "max": 524.5974,
            "p(90)": 0,
            "p(95)": 0.305624999999854,
            "avg": 0.9193199153597212,
            "min": 0
        },
        "vus_max": {
            "value": 300,
            "min": 300,
            "max": 300
        },
        "http_req_duration{expected_response:true}": {
            "avg": 8775.760882480477,
            "min": 123.0807,
            "med": 2607.3332499999997,
            "max": 59967.2483,
            "p(90)": 25078.51945999999,
            "p(95)": 37323.995835
        },
        "iterations": {
            "count": 1141,
            "rate": 3.457424367439751
        },
        "vus": {
            "value": 212,
            "min": 212,
            "max": 300
        },
        "http_req_receiving": {
            "p(95)": 2255.0109549999975,
            "avg": 406.9304710604939,
            "min": 0,
            "med": 7.1021,
            "max": 15295.8836,
            "p(90)": 1042.3020999999997
        },
        "data_sent": {
            "count": 3703937,
            "rate": 11223.560069466861
        },
        "data_received": {
            "count": 2933029,
            "rate": 8887.577506579706
        },
        "http_req_duration": {
            "min": 123.0807,
            "med": 2712.40585,
            "max": 60113.6307,
            "p(90)": 28029.976679999996,
            "p(95)": 43145.282365,
            "avg": 9413.451629636565,
            "thresholds": {
                "avg<2000": true,
                "p(95)<5000": true
            }
        },
        "http_req_sending": {
            "avg": 0.03860112023898434,
            "min": 0,
            "med": 0,
            "max": 10.9136,
            "p(90)": 0,
            "p(95)": 0
        },
        "http_req_connecting": {
            "max": 524.5974,
            "p(90)": 0,
            "p(95)": 0,
            "avg": 0.9027732138411748,
            "min": 0,
            "med": 0
        },
        "checks": {
            "passes": 7934,
            "fails": 100,
            "value": 0.9875529001742595
        },
        "iteration_duration": {
            "min": 17321.7776,
            "med": 58898.408,
            "max": 175725.1082,
            "p(90)": 151630.6671,
            "p(95)": 152834.6009,
            "avg": 66595.07545801924
        },
        "http_req_tls_handshaking": {
            "max": 0,
            "p(90)": 0,
            "p(95)": 0,
            "avg": 0,
            "min": 0,
            "med": 0
        }
    },
    "root_group": {
        "groups": {},
        "checks": {
                "login status is 200": {
                    "name": "login status is 200",
                    "path": "::login status is 200",
                    "id": "baba87e761865dc93085ee0c1fe25f4c",
                    "passes": 300,
                    "fails": 0
                },
                "get assessment status is 200": {
                    "fails": 69,
                    "name": "get assessment status is 200",
                    "path": "::get assessment status is 200",
                    "id": "9aa2e65ef0658f7e82a5b478216bf4dd",
                    "passes": 1284
                },
                "start exam status is 200": {
                    "fails": 11,
                    "name": "start exam status is 200",
                    "path": "::start exam status is 200",
                    "id": "5172bf0d6322ec01cfafa52b758659d5",
                    "passes": 1272
                },
                "system check status is 200": {
                    "name": "system check status is 200",
                    "path": "::system check status is 200",
                    "id": "7e1bedfd29285ba5da11a45912dd04bd",
                    "passes": 1270,
                    "fails": 0
                },
                "telemetry update status is 200": {
                    "name": "telemetry update status is 200",
                    "path": "::telemetry update status is 200",
                    "id": "a2d5b9c43a0663d31edd40583b73fbd7",
                    "passes": 1265,
                    "fails": 1
                },
                "violation log status is 200": {
                    "name": "violation log status is 200",
                    "path": "::violation log status is 200",
                    "id": "0b975aee2c805c133e5acd2e8f05b93c",
                    "passes": 289,
                    "fails": 1
                },
                "submit exam status is 200 or 202": {
                    "name": "submit exam status is 200 or 202",
                    "path": "::submit exam status is 200 or 202",
                    "id": "a9f5b8318a50be3ce9ed97d0b9b37985",
                    "passes": 1208,
                    "fails": 5
                },
                "submit feedback status is 200": {
                    "fails": 13,
                    "name": "submit feedback status is 200",
                    "path": "::submit feedback status is 200",
                    "id": "11abcb7ae912bec42a6360bbb2e87e15",
                    "passes": 1046
                }
            },
        "name": "",
        "path": "",
        "id": "d41d8cd98f00b204e9800998ecf8427e"
    }
}