{
    "metrics": {
        "http_req_tls_handshaking": {
            "avg": 0,
            "min": 0,
            "med": 0,
            "max": 0,
            "p(90)": 0,
            "p(95)": 0
        },
        "data_sent": {
            "count": 356673,
            "rate": 3317.389023267525
        },
        "iteration_duration": {
            "p(95)": 24803.84432,
            "avg": 20039.75895920001,
            "min": 13899.2821,
            "med": 19683.9112,
            "max": 27365.474,
            "p(90)": 23818.60478
        },
        "vus_max": {
            "value": 25,
            "min": 25,
            "max": 25
        },
        "http_req_duration{expected_response:true}": {
            "med": 485.3444,
            "max": 5172.1954,
            "p(90)": 1351.9553600000027,
            "p(95)": 2211.6590199999996,
            "avg": 758.685185876418,
            "min": 202.031
        },
        "http_req_blocked": {
            "avg": 0.17412849936948302,
            "min": 0,
            "med": 0,
            "max": 8.8225,
            "p(90)": 0,
            "p(95)": 0
        },
        "data_received": {
            "count": 287653,
            "rate": 2675.439140921722
        },
        "vus": {
            "value": 1,
            "min": 1,
            "max": 25
        },
        "http_req_connecting": {
            "p(95)": 0,
            "avg": 0.15912761664564942,
            "min": 0,
            "med": 0,
            "max": 8.5148,
            "p(90)": 0
        },
        "http_req_duration": {
            "p(95)": 2211.6590199999996,
            "avg": 758.685185876418,
            "min": 202.031,
            "med": 485.3444,
            "max": 5172.1954,
            "p(90)": 1351.9553600000027,
            "thresholds": {
                "avg<2000": false,
                "p(95)<5000": false
            }
        },
        "http_req_sending": {
            "avg": 0.10013656998738969,
            "min": 0,
            "med": 0,
            "max": 7.9852,
            "p(90)": 0,
            "p(95)": 0
        },
        "http_req_receiving": {
            "avg": 4.547510214375791,
            "min": 0,
            "med": 0.769,
            "max": 362.6615,
            "p(90)": 3.112240000000006,
            "p(95)": 8.096359999999994
        },
        "http_reqs": {
            "count": 793,
            "rate": 7.375633971315875
        },
        "http_req_waiting": {
            "p(90)": 1350.6626200000028,
            "p(95)": 2208.4662999999996,
            "avg": 754.0375390920558,
            "min": 201.4643,
            "med": 484.5413,
            "max": 5170.8601
        },
        "checks": {
            "passes": 793,
            "fails": 0,
            "value": 1
        },
        "iterations": {
            "rate": 1.1626156953524394,
            "count": 125
        },
        "http_req_failed": {
            "passes": 0,
            "fails": 793,
            "thresholds": {
                "rate<0.02": false
            },
            "value": 0
        }
    },
    "root_group": {
        "checks": {
            "login status is 200": {
                "name": "login status is 200",
                "path": "::login status is 200",
                "id": "baba87e761865dc93085ee0c1fe25f4c",
                "passes": 25,
                "fails": 0
            },
            "get assessment status is 200": {
                "name": "get assessment status is 200",
                "path": "::get assessment status is 200",
                "id": "9aa2e65ef0658f7e82a5b478216bf4dd",
                "passes": 125,
                "fails": 0
            },
            "start exam status is 200": {
                "fails": 0,
                "name": "start exam status is 200",
                "path": "::start exam status is 200",
                "id": "5172bf0d6322ec01cfafa52b758659d5",
                "passes": 125
            },
            "system check status is 200": {
                "name": "system check status is 200",
                "path": "::system check status is 200",
                "id": "7e1bedfd29285ba5da11a45912dd04bd",
                "passes": 125,
                "fails": 0
            },
            "telemetry update status is 200": {
                "passes": 125,
                "fails": 0,
                "name": "telemetry update status is 200",
                "path": "::telemetry update status is 200",
                "id": "a2d5b9c43a0663d31edd40583b73fbd7"
            },
            "violation log status is 200": {
                "name": "violation log status is 200",
                "path": "::violation log status is 200",
                "id": "0b975aee2c805c133e5acd2e8f05b93c",
                "passes": 18,
                "fails": 0
            },
            "submit exam status is 200": {
                "fails": 0,
                "name": "submit exam status is 200",
                "path": "::submit exam status is 200",
                "id": "2e5649aa4b0d09df67a8b23085c83722",
                "passes": 125
            },
            "submit feedback status is 200": {
                "name": "submit feedback status is 200",
                "path": "::submit feedback status is 200",
                "id": "11abcb7ae912bec42a6360bbb2e87e15",
                "passes": 125,
                "fails": 0
            }
        },
        "name": "",
        "path": "",
        "id": "d41d8cd98f00b204e9800998ecf8427e",
        "groups": {}
    }
}